"","X1.imp","X1.gt","X1.ci","X1.err","X1.v1","X1.v2","X1.sd1","X1.sd2","X2.imp","X2.gt","X2.ci","X2.err","X2.v1","X2.v2","X2.sd1","X2.sd2","X3.imp","X3.gt","X3.ci","X3.err","X3.v1","X3.v2","X3.sd1","X3.sd2","X4.imp","X4.gt","X4.ci","X4.err","X4.v1","X4.v2","X4.sd1","X4.sd2","X5.imp","X5.gt","X5.ci","X5.err","X5.v1","X5.v2","X5.sd1","X5.sd2","X6.imp","X6.gt","X6.ci","X6.err","X6.v1","X6.v2","X6.sd1","X6.sd2","X7.imp","X7.gt","X7.ci","X7.err","X7.v1","X7.v2","X7.sd1","X7.sd2","X8.imp","X8.gt","X8.ci","X8.err","X8.v1","X8.v2","X8.sd1","X8.sd2","X9.imp","X9.gt","X9.ci","X9.err","X9.v1","X9.v2","X9.sd1","X9.sd2","X10.imp","X10.gt","X10.ci","X10.err","X10.v1","X10.v2","X10.sd1","X10.sd2","X11.imp","X11.gt","X11.ci","X11.err","X11.v1","X11.v2","X11.sd1","X11.sd2","X12.imp","X12.gt","X12.ci","X12.err","X12.v1","X12.v2","X12.sd1","X12.sd2","X13.imp","X13.gt","X13.ci","X13.err","X13.v1","X13.v2","X13.sd1","X13.sd2"
"1",234.041677535497,239.40731346,3.77990168506381,0.299883531266749,236.053894141126,232.200652578187,0.28295729949081,0.258884380915078,6.95630182551815,7.37783442277,0.113137735752359,0.22496466763359,6.95630182551815,6.95630182551815,0,0,37.0600177129618,31.5523619249,7.95095955743545,0.332931699967397,42.7670694861072,36.4754133975091,0.392229443071044,0.0401781925557286,178.178745463609,176.942885229,0.762926839777817,0.113460754108671,178.178745463609,178.178745463609,0,0,63.0929304804741,61.5665796376,1.55268607150864,0.0739145162209389,63.0929304804741,63.0929304804741,0,0,16.1658910069354,15.4414603165,0.190179490372312,0.132875607850885,16.1658910069354,16.1658910069354,0,0,159.325923377295,160.585702383,1.91707431694375,0.185608816782863,158.483817949916,160.423290366772,0.203808678607158,0.265587786043015,314.644727178948,294.170652037,5.9831461254753,0.100802662112938,314.644727178948,314.644727178948,0,0,16.4179945429503,10.9013184982,1.72875093622826,0.320308341258077,16.4179945429503,16.4179945429503,0,0,23.2220444040428,23.4850159688,0.239055599614514,0.115320509860139,23.2220444040428,23.2220444040428,0,0,32.0992837757255,29.1586554013,1.33611546119956,0.0544564072918144,32.98529412189,31.7192937265826,0.248014179055495,0.106367742200101,2.46969926581848,2.21094821058,0.190513919678388,0.126787211514813,2.46969926581848,2.46969926581848,0,0,210.647012730855,215.102134978,24.0759669874144,0.0181350833993337,210.647012730855,210.647012730855,0,0
"2",248.956339660983,251.335579748,5.61982949952884,0.0598387065549618,248.956339660983,248.956339660983,0,0,7.47357861602361,7.37783442277,1.16302977746632,0.0204388090065969,8.27813531784579,7.2350535859407,0.323810940845001,0.0959994668260194,54.2300917937576,54.7124217932,3.48766955638319,0.018222696828582,54.2300917937576,54.2300917937576,0,0,182.284203754808,182.389086624,1.17891930211633,0.00356629366880463,182.284203754808,182.284203754808,0,0,62.5727224118132,58.8254003117,4.22143928594884,0.125801908975376,62.5727224118132,62.5727224118132,0,0,16.5000746181631,14.7765888056,1.93809869183885,0.209049100557744,15.1016636716243,16.5000746181631,0.183360192677595,0,163.687628397868,157.192062394,2.7098689069829,0.294467842818115,163.687628397868,163.687628397868,0,0,127.368479680598,122.148527156,12.1326708355268,0.0284588316692034,127.368479680598,127.368479680598,0,0,28.5190436253961,18.6131172081,2.50422489034438,0.129749059286248,28.5190436253961,28.5190436253961,0,0,26.8437539402738,27.4756351472,1.48421138469056,0.152881588675548,25.774504474457,26.9034435102463,0.302001196083209,0.0168588548338512,74.1700829643634,71.9508518339,7.16543971431059,0.0282876273817528,79.3302533684811,73.8492656792236,0.186287117422465,0.0115818127285661,2.40114824296702,2.68190881666,0.537869439375191,0.198714832386137,2.01450806304461,2.4346972875825,0.327619877798749,0.0284278108379571,257.804548088667,288.008626938,39.4207097448226,0.0962480711789033,257.804548088667,257.804548088667,0,0
"3",225.477691262182,225.491002791,0.0199823842976076,0.000743976729834976,225.477691262182,225.477691262182,0,0,7.5633011925985,7.37783442277,0.753181903707831,0.0312569722734874,7.5633011925985,7.5633011925985,0,0,47.6058393079777,48.0952618308,0.612561447109199,0.0369813126479711,47.6058393079777,47.6058393079777,0,0,178.058452994568,178.032125508,1.27654609810212,0.00302131300548264,178.633543264387,177.338972603182,0.229566000491128,0.287204017439448,58.1724630673897,57.1806927162,1.28453917423026,0.0786530994983129,58.1724630673897,58.1724630673897,0,0,15.3036278526581,15.7074089208,0.338997764699946,0.132023243046651,15.3036278526581,15.3036278526581,0,0,174.613624076186,172.463442343,0.51510897286014,0.316795791609016,174.613624076186,174.613624076186,0,0,359.507537826706,397.798438111,7.9845320298034,0.164957223929827,359.507537826706,359.507537826706,0,0,11.8217640246369,13.0863281327,0.41297018394752,0.245966762551338,11.8217640246369,11.8217640246369,0,0,21.9855479129889,22.0597948337,0.26966796095911,0.104190036026434,21.8563762648938,22.1310619395198,0.279305072146479,0.314641845001208,20.057831652882,17.9511753832,12.8815911265612,0.0795252502006411,29.3078432134284,19.1490010250242,0.251571127083303,0.0247173253656467,2.08085034637878,2.21094821058,0.286353245314401,0.138119688274421,1.92639475666941,2.218083977335,0.280202420735246,0.248959559654503,290.42616060324,249.97045722,13.6033632240303,0.158542429958947,290.42616060324,290.42616060324,0,0
"4",227.638213865185,225.491002791,1.65100311504756,0.180010323574463,227.006981554009,228.648485044059,0.151801783654501,0.242954874477143,6.99215061402281,6.90939130936,0.110166832286849,0.0252384066934965,6.99215061402281,6.99215061402281,0,0,55.7636000160652,54.7124217932,3.11050337241991,0.0488788929130707,55.7636000160652,55.7636000160652,0,0,180.581092198945,179.121365787,2.09002860316669,0.191447514918391,179.710475181317,181.812430005706,0.220098594352087,0.31129154950237,53.2987534658758,53.8912775252,1.24648810537644,0.0600435057012907,53.2987534658758,53.2987534658758,0,0,12.9603077760813,13.0479228773,0.114231028572382,0.0658887467645537,12.9603077760813,12.9603077760813,0,0,157.008210615362,160.585702383,1.00637863374611,0.210835078538448,157.008210615362,157.008210615362,0,0,432.252894476405,480.700666969,8.82959337958047,0.348893433595459,432.252894476405,432.252894476405,0,0,10.0441976960857,10.5157285627,0.205824206344501,0.114645157136726,10.0441976960857,10.0441976960857,0,0,26.2384266542494,27.1905909202,0.102138625885577,0.556734812617492,26.1963409098407,26.2989247212929,0.305778516489597,0.439555233035352,15.9527982435998,15.9134517436,2.26132277080865,0.00429089916635854,14.6465731544986,16.9305456692455,0.369360965919323,0.276477413100467,1.34246954752973,1.11204012973,0.0367930907143439,0.733913032735094,1.34246954752973,1.34246954752973,0,0,210.769529934527,196.083050118,10.718982602461,0.110313853728552,210.769529934527,210.769529934527,0,0
"5",239.420324694154,235.431224698,18.2342435597477,0.0872410756513319,248.602323264671,229.997510742826,0.153399148305211,0.15742233280383,7.16780899291533,8.31472064958,0.191112549213692,0.408057963296008,7.16780899291533,7.16780899291533,0,0,48.0336433901888,58.0210017744,5.59858035187135,0.355132215633181,44.8368118493644,50.5031619524661,0.339939699184457,0.262599823128158,178.345366503865,179.121365787,2.2310588803122,0.0647656818573477,177.638510060687,179.791667497154,0.150809275609188,0.308571290841298,64.9553542893631,68.5109005964,1.04873769811275,0.188896071481121,64.9553542893631,64.9553542893631,0,0,16.6070631840285,17.1701262448,0.172774669075035,0.302455357134314,16.6070631840285,16.6070631840285,0,0,151.89305796984,150.404782417,0.589055776740577,0.438548448764216,151.89305796984,151.89305796984,0,0,324.589225966629,302.460874923,40.3284830959496,0.0754547174273405,297.750699940354,335.832759520559,0.164304555977487,0.0688325352289429,10.4286779623526,12.8292681757,0.730985718049463,0.35917843408866,10.4286779623526,10.4286779623526,0,0,25.039039768886,24.910237104,0.142639478120416,0.15062301762965,25.039039768886,25.039039768886,0,0,13.1770662617868,12.8568662841,1.09376364123018,0.0523787052466036,13.1770662617868,13.1770662617868,0,0,1.41772090883666,1.42601386711,0.298631436654551,0.00880430142806037,1.216396144365,1.49451474498504,0.343619489019924,0.131071101990039,176.062807946067,91.4780833925,3.64395626526278,0.523218868771883,176.062807946067,176.062807946067,0,0
"6",229.335258747932,225.491002791,1.18450090628164,0.0966843595920579,229.335258747932,229.335258747932,0,0,7.60983979922982,6.59709590042,0.503938428072723,0.32429035772589,7.60983979922982,7.60983979922982,0,0,35.2099493831627,29.8980719343,2.32470988673277,0.24699778148239,35.2099493831627,35.2099493831627,0,0,178.682896272733,178.032125508,3.85459983717079,0.0248939091340051,181.046884622311,177.217684201492,0.231668833823667,0.143589528226387,63.9392581019155,63.7595230983,1.68124209187105,0.00902318742018564,63.9392581019155,63.9392581019155,0,0,14.2438642147192,14.5106402013,0.287273240239774,0.0647168426196783,14.2438642147192,14.2438642147192,0,0,177.423642554736,177.553902326,3.22809277546024,0.0127944990923042,179.00969675323,175.717899733548,0.222660174110254,0.239462808971866,209.253079118119,204.014478154,9.77469052140999,0.0871587724679373,209.253079118119,209.253079118119,0,0,16.0312075283247,15.2713377671,1.49684600862839,0.073900051383683,16.0312075283247,16.0312075283247,0,0,26.0696096262861,25.6228476715,0.303477882699342,0.28497137854464,26.0696096262861,26.0696096262861,0,0,110.646374097057,113.724186447,9.69469899681008,0.11188273795463,104.296301209784,113.580287361858,0.228733276827949,0.105681242861332,6.86851847353242,7.23452800876,0.870414181349927,0.13714505448527,6.27369936713639,7.07006270215892,0.195406970573277,0.0662102927242078,369.598356417259,400.538212355,78.5833686908497,0.0422540110476638,369.598356417259,369.598356417259,0,0
"7",224.737424436684,223.50295841,5.70301021905309,0.031047245180416,224.737424436684,224.737424436684,0,0,5.85673346152979,13.779890306,4.13787421832083,0.957385354306036,8.82507709419065,5.53590354760201,0.241580626396769,0.0261109565350474,51.483193010642,53.0581318026,13.7385028743053,0.0634688718791111,41.772683175674,53.4758053053739,0.200562288927238,0.0411557054745813,183.5993736698,180.210606066,0.887132841090721,0.129630397333405,183.5993736698,183.5993736698,0,0,52.3891215682383,50.2363717574,1.46414675495097,0.121443880794484,52.3891215682383,52.3891215682383,0,0,12.2277307620594,12.6489999708,0.628818680283502,0.085622967024437,12.2277307620594,12.2277307620594,0,0,165.334277176298,170.766622349,2.50676612236687,0.246268140989771,165.334277176298,165.334277176298,0,0,159.970272564844,160.490808003,37.2808376997664,0.00183325770511633,159.970272564844,159.970272564844,0,0,19.5521485134419,16.0425176381,1.0778829412348,0.167521056289951,19.5521485134419,19.5521485134419,0,0,29.5034433901039,29.61346685,2.47565559486468,0.0197942220107183,27.7362354437266,29.763763760102,0.295708274210244,0.0435596091063836,87.6409623806641,89.2715027709,2.24304749122936,0.0158450968969543,87.6409623806641,87.6409623806641,0,0,4.86215317509319,4.72273810967,0.0823735647266856,0.0296022774779186,4.86215317509319,4.86215317509319,0,0,280.202245342635,257.895075911,262.392354112052,0.0109786280235823,280.202245342635,280.202245342635,0,0
"8",219.826628168322,215.550780885,8.64857912135352,0.134423787380251,213.814163812081,221.497345787806,0.167799819205839,0.0466274888103692,6.25039168876525,5.81635737807,0.406834142369471,0.146296810233861,6.54131724497612,6.21125557630462,0.226594563266726,0.0304821289214797,50.042093145887,48.0952618308,2.46798517819527,0.0784558663094982,50.042093145887,50.042093145887,0,0,174.444491330677,169.318203276,4.28698489373286,0.213922582452008,174.444491330677,174.444491330677,0,0,53.4436249998898,53.8912775252,3.34025933238236,0.0242534472978122,53.4436249998898,53.4436249998898,0,0,13.2736111588866,13.7127943882,0.358412791880953,0.106540893345193,13.2736111588866,13.2736111588866,0,0,192.69212251085,194.522102269,0.665100879874568,0.134809508695004,192.69212251085,192.69212251085,0,0,80.8410376129756,83.8062463086,0.661536551696815,0.0753000818956985,80.8410376129756,80.8410376129756,0,0,9.70069493911691,7.81659901427,4.10522320780284,0.203594517496526,7.30152625359913,11.4378949362838,0.188885462912782,0.136768968192057,29.5733303286919,29.1859005094,0.709616086467718,0.135919195181978,29.1102415295396,29.7917513790409,0.332004781019579,0.156593796101171,109.735228060744,115.761910086,2.17337362533292,0.211254008708804,109.735228060744,109.735228060744,0,0,5.96588182189931,5.66465932183,0.00762706499656813,0.191877513436094,5.97013784699186,5.96239303831207,0.231198602949162,0.189520003717933,205.549632011477,223.026753669,42.9019252743907,0.0706865752795521,184.707708710818,228.437355396276,0.232656062024593,0.255493099873714
"9",224.150501396017,231.455135935,12.32792200755,0.306190118606393,220.393223141292,232.213064535196,0.0981807005976595,0.210681254874305,7.70009415522219,5.50406196913,0.36998710722677,0.319632123832135,7.70009415522219,7.70009415522219,0,0,36.8575606212081,34.8609419061,7.54523865573332,0.0804622618146891,42.1300782367936,35.5012508098278,0.16751161827343,0.0430909231508032,181.369862917705,176.942885229,2.33375248283136,0.4515866878405,182.055182609902,179.831739882,0.0961932191505354,0.215894870581753,72.7895330172729,70.3383534803,9.16235209323771,0.0412710551907863,72.7895330172729,72.7895330172729,0,0,20.3476388611383,22.8880212383,3.61185325761751,0.167581672364361,21.4105107371037,17.968143873501,0.0996721386222769,0.223140116529469,179.292129579252,172.463442343,1.31051560516146,0.402440285898988,179.292129579252,179.292129579252,0,0,274.247254631483,333.549210745,5.31175587584014,0.411697281164513,274.247254631483,274.247254631483,0,0,28.5426379718053,28.8955154879,1.24116635003653,0.00863361012378422,28.5426379718053,28.5426379718053,0,0,22.8364555176955,25.0527592175,0.31577521016573,0.598099816863008,22.8364555176955,22.8364555176955,0,0,53.9179932673941,55.6490627167,3.60184952855568,0.0257427695092228,53.9179932673941,53.9179932673941,0,0,1.3101051813301,1.26902699842,0.253166862556036,0.0137719138221703,1.3101051813301,1.3101051813301,0,0,404.566455951531,486.124094222,18.146962553331,0.157365134868937,404.566455951531,404.566455951531,0,0
"10",223.03011863138,223.50295841,5.59132131349512,0.0264268512681836,225.153745262423,219.599932751467,0.122047427802998,0.197136990754208,7.17465810694094,6.75324360489,0.574460813287393,0.269881970715688,6.79497486118726,7.34093128240956,0.231738510400851,0.101484325246509,46.3230558285907,48.0952618308,2.04181477006518,0.0892732437222936,47.760957395226,46.0022867050199,0.309751526747233,0.0690998104911617,164.291986064572,164.96124216,1.24251876936498,0.0682694074158816,165.1790902158,164.162365946808,0.13911190387994,0.0203264761396403,44.3831477285877,43.2920507986,1.83061384018885,0.0641998770914474,44.3831477285877,44.3831477285877,0,0,13.442269726087,13.7127943882,0.560041705979872,0.0598356793692583,13.442269726087,13.442269726087,0,0,166.093641651692,162.282522377,0.641921898951899,0.204185116734693,166.093641651692,166.093641651692,0,0,200.48238222088,188.470310243,70.7093044220506,0.0445829044397596,246.789939177998,179.06764246942,0.320089096969955,0.148023889820809,6.60809358094796,6.6598292078,0.695899375162377,0.00332659484629938,6.60809358094796,6.60809358094796,0,0,26.9237342363987,24.910237104,3.23599877904921,0.371779265231019,28.9794002108594,25.8164989118713,0.149994132071253,0.0807907527606449,21.0921031069725,16.9323135634,12.2440244299388,0.177512211586826,28.8306430141826,16.8302021592131,0.348294877083958,0.191818906995732,1.07105788853731,1.11204012973,0.0340733104977329,0.130527608881414,1.05683109038686,1.09110854723567,0.263087750135581,0.370784953149695,176.848454077597,175.479041521,2.19267141773223,0.0233520069670338,176.848454077597,176.848454077597,0,0
"11",229.856764028003,227.479047173,0.112219470307523,0.170858276418025,229.856764028003,229.856764028003,0,0,6.81591952212934,6.90939130936,0.0513309746587401,0.149652835992565,6.81591952212934,6.81591952212934,0,0,44.6630221686573,44.7866818496,0.864408001266865,0.0106787013199842,44.6630221686573,44.6630221686573,0,0,177.233698620027,178.032125508,0.485690209752526,0.104716090834359,177.233698620027,177.233698620027,0,0,63.3871932768848,62.6630513679,4.7219733091006,0.0671622879355835,62.3655336311205,66.6374874608671,0.0459878311386331,0.146305064219336,17.3644829750579,16.7712033382,0.0883896457182369,0.202800509423109,17.3644829750579,17.3644829750579,0,0,171.155477874421,172.463442343,1.15733922441743,0.256944259054505,171.668393201196,170.496501979804,0.258763923868375,0.332450951111433,110.425187574476,104.531803523,32.2543034452371,0.0888604584685811,132.857225192404,104.226654574726,0.288820594258539,0.0798083533476208,21.973786906405,19.2557671006,2.96223274914181,0.120839837748091,19.9306089458727,22.6012744328961,0.2422855516146,0.0744091627963645,26.9350821521314,26.7630245797,0.305484413970413,0.172462031318521,26.737471372416,27.0327257985544,0.282000112958916,0.139342192570088,15.3050885229109,13.8757281039,1.55470093566618,0.175362398413408,16.1667762497815,14.5868451225624,0.316319054618457,0.263661726051607,1.24746466718457,1.26902699842,0.0440950682829547,0.0457837257661504,1.24746466718457,1.24746466718457,0,0,201.997275997973,165.969499091,5.06130729624249,0.303087364494238,200.099080852208,205.1171154265,0.174961700663758,0.28756390692004
"12",229.849341172368,227.479047173,1.84286919231548,0.0993561822874615,229.849341172368,229.849341172368,0,0,8.13543735509338,8.31472064958,0.316763934119362,0.039591888907725,8.13543735509338,8.13543735509338,0,0,44.1691279215226,41.4781018684,0.0508769510812763,0.232385068815603,44.1691279215226,44.1691279215226,0,0,178.886877544912,178.032125508,2.16074848575383,0.0653935938494005,178.886877544912,178.886877544912,0,0,56.2675618875876,54.9877492555,1.79068773033366,0.0460740740410774,56.2675618875876,56.2675618875876,0,0,20.0064224817321,21.0263810079,0.615341208946508,0.144723455426284,20.0064224817321,20.0064224817321,0,0,167.777712470173,167.37298236,0.389453922236561,0.0795075713245517,167.777712470173,167.777712470173,0,0,241.797471763335,226.81259109,3.00417117201831,0.132663231253425,241.797471763335,241.797471763335,0,0,10.3453361826333,12.5722082187,0.0973841494355092,0.433142536490295,10.3453361826333,10.3453361826333,0,0,20.8762165829888,20.492051585,0.582183585210756,0.299497381318323,21.1490301637022,20.5567963383159,0.234154827955853,0.274157145114997,45.2300729970481,43.4227208788,3.839876781785,0.110868328945638,43.7328030544805,47.5612725578288,0.212836598328844,0.331379513096598,5.31688564865592,5.66465932183,1.04485477652009,0.1704080171552,4.5790796093225,5.47183847463134,0.398830178740596,0.0837616663262514,283.407194514334,172.309194044,69.7108278369669,0.248570029687659,283.407194514334,283.407194514334,0,0
"13",230.998054586448,229.467091554,1.59400193670192,0.096260617141549,230.998054586448,230.998054586448,0,0,7.29588361257294,7.2216867183,0.872690576446202,0.0431973830772974,6.72493232153495,7.56142131623024,0.341922142310289,0.159020956645175,46.8136372342063,53.0581318026,1.88469487642976,0.377472789167192,46.8136372342063,46.8136372342063,0,0,179.35157616615,181.299846345,0.319693997103333,0.447162627110695,179.35157616615,179.35157616615,0,0,59.3031355005902,78.7446367462,1.43274670642396,0.759898475432701,59.3031355005902,59.3031355005902,0,0,15.6014911132946,20.361509497,0.155181941614049,0.778185399900092,15.6014911132946,15.6014911132946,0,0,163.865496377188,165.676162366,0.00888746912138981,0.21341874739667,163.865496377188,163.865496377188,0,0,344.035232021448,300.388319202,20.9890018678035,0.224036852168424,344.035232021448,344.035232021448,0,0,24.3871706159761,27.2246257674,1.22287304255077,0.163527501929889,24.3871706159761,24.3871706159761,0,0,22.9160083154272,22.6298832877,0.100211759198654,0.200758338955658,22.9160083154272,22.9160083154272,0,0,19.1897973306399,18.970037203,2.05436861422007,0.0308131125708907,17.7122545026952,19.3085092339238,0.266808284613103,0.0214364813522,1.37217746229712,1.26902699842,0.248834375981647,0.219021426729685,1.48698928296767,1.23414102760111,0.267770240072104,0.321935921243771,259.968859507997,311.782483012,41.8887255150733,0.363239513623437,229.824245045931,262.161980806757,0.281577665916063,0.0204857148580555
"14",211.637553317553,209.586647741,4.92466665083474,0.0937836012420744,208.135430524737,212.238638144474,0.224705023878946,0.0385671172534408,7.01328333199856,6.59709590042,0.000420687090026554,0.266534454024703,7.01328333199856,7.01328333199856,0,0,53.4108704922847,54.7124217932,3.4455549181474,0.0983466704984425,52.1131813079606,55.531408637657,0.175606718920489,0.286956807957455,180.325139614604,181.299846345,0.372940864550479,0.0639178615189406,180.325139614604,180.325139614604,0,0,51.4174168771342,51.6983340645,1.38125664784606,0.0265035548924385,51.4174168771342,51.4174168771342,0,0,14.729147452999,14.9095631078,0.175380162210916,0.0678385416768735,14.729147452999,14.729147452999,0,0,174.336296573884,179.25072232,0.762311341907136,0.482709397827317,173.817851219525,174.520019964854,0.249550933755507,0.0884342841221246,474.918286035239,468.26533264,3.73277297172918,0.0275538531991917,474.918286035239,474.918286035239,0,0,18.4843225356123,15.2713377671,1.69308685647336,0.290673727971043,18.4843225356123,18.4843225356123,0,0,23.7797758498626,24.910237104,0.202109932913841,0.528788703390297,23.6583674679261,23.860561771638,0.418723162318124,0.278621097629426,21.9068692693108,19.9888990229,1.01770914237155,0.235307944744193,21.9068692693108,21.9068692693108,0,0,1.00532506140544,1.11204012973,0.103128922372497,0.679770666236585,0.98147991357562,1.07581239079992,0.147910355032748,0.437229661583696,183.998560110604,210.347363763,8.35074424131571,0.593737527642253,183.998560110604,183.998560110604,0,0
"15",220.518881407912,217.538825266,0.0814192290574158,0.214141248553061,220.518881407912,220.518881407912,0,0,8.0766613866367,8.47086835405,1.93596711491662,0.132872495292251,6.69162490137272,8.25812192679779,0.132005509731979,0.0172947004321259,40.6209560484216,39.8238118779,0.596938710094259,0.160621611097439,40.6209560484216,40.6209560484216,0,0,180.241808261492,179.121365787,1.44742973849234,0.114293981481482,180.241808261492,180.241808261492,0,0,67.9703561838441,69.0591364616,1.34684287380857,0.0945700257632259,67.9703561838441,67.9703561838441,0,0,16.7181560901749,16.5052547339,0.367316087442128,0.100066964439994,16.7181560901749,16.7181560901749,0,0,158.768920706054,160.585702383,0.572549680042593,0.535348971262353,158.768920706054,158.768920706054,0,0,150.163262756481,155.309418699,11.6679384398217,0.0491683176546028,142.176800900215,152.826635618922,0.390825538503081,0.130334828104281,15.1153223968778,14.6286878747,1.44869327507012,0.0525854970721726,15.1153223968778,15.1153223968778,0,0,28.3354792190555,28.1882457148,0.693922406265434,0.0860881051032518,27.8624164141514,28.4995009263811,0.30708917111444,0.106474847790231,63.4795315734699,63.7999572753,8.11245708640853,0.0104831258958359,57.7212322463761,64.5306144377527,0.304649731961192,0.0556087995228155,2.50357213128036,2.36793507927,0.438637131651732,0.0432001265900823,2.80795115834789,2.41684656416661,0.171607309666425,0.0488954229043683,227.473653287495,196.083050118,0.690146207784349,0.353674105343492,227.473653287495,227.473653287495,0,0
"16",239.138708198865,239.40731346,1.19826717376141,0.0193014705926033,239.138708198865,239.138708198865,0,0,6.93113306291243,7.69012983171,0.461170422012978,0.347197258508378,6.75520071637813,7.21357163779674,0.208631870871282,0.334933793842426,54.72353229938,54.7124217932,3.54101035150497,0.000559681507030415,54.72353229938,54.72353229938,0,0,178.605615394717,179.121365787,0.21375676021234,0.0473495519975475,178.605615394717,178.605615394717,0,0,62.1423820613082,59.9218720421,11.1786145105431,0.060152707379413,66.7933730785139,55.5525983287364,0.199067306941171,0.282049674169432,13.4497540206726,12.5160256686,1.55975117084782,0.106391979822459,13.4497540206726,13.4497540206726,0,0,162.233870980168,162.282522377,0.443455998349762,0.00477868375302053,162.233870980168,162.233870980168,0,0,379.055191409334,448.576053287,20.5638577565889,0.462669558054383,379.055191409334,379.055191409334,0,0,12.1987517118279,9.61601871324,0.296370354502527,0.152230314739551,12.1987517118279,12.1987517118279,0,0,24.4853722439701,25.0527592175,0.666977507568422,0.398104518321104,24.0925070022055,24.7633251086502,0.365095076900308,0.258305423124791,13.122781243893,11.8380044643,3.19920994551304,0.126099217244196,14.8765278030008,11.6218305618536,0.249964859858512,0.213933378766763,1.10612277443603,0.955053261033,0.116982631844609,0.240576671573314,1.02430409589221,1.12686659689504,0.29203278471145,0.0740402600736017,250.084585003752,204.00766881,8.53897339226988,0.326651779501756,250.084585003752,250.084585003752,0,0
"17",227.908982877619,219.526869647,10.3594610214384,0.468473401931091,229.951677371433,220.718771731753,0.0762571013293109,0.26842225383671,7.12950098110158,7.84627753617,0.17545646232398,0.655767890232869,7.12950098110158,7.12950098110158,0,0,51.1225932045455,46.4409718402,5.01733909987431,0.565997665578268,53.1040441340573,48.0927930165248,0.169814461875292,0.259660171672864,175.29409129572,178.032125508,1.21879101464497,0.279301114227978,175.29409129572,175.29409129572,0,0,65.1584674424013,64.125013675,1.09153268297656,0.145004091663566,65.1584674424013,65.1584674424013,0,0,15.7655849804007,15.4414603165,0.691716831398216,0.24374985137081,15.8114124457625,15.26859372365,0.0305978189552205,0.33182826884128,169.145207098689,167.37298236,0.276184144435312,0.208887771777531,169.145207098689,169.145207098689,0,0,616.767208389097,692.101350559,26.7971327053569,0.38061181026641,601.540887279728,628.683863455845,0.368252812882781,0.288207618699425,17.4919999260356,17.4563474016,1.00652668360401,0.00269307610555107,17.4919999260356,17.4919999260356,0,0,26.5902455367581,26.4779803526,0.387417483164769,0.0492314759931462,26.3955214001556,26.7908023323383,0.289106446040402,0.297766180459662,24.0244884149688,26.1020699418,2.92043992756957,0.169926667712742,25.4468005676247,22.4697056154619,0.279824898059887,0.305887099090632,1.1483728939883,1.11204012973,0.0728946403239741,0.0771460792887524,1.1483728939883,1.1483728939883,0,0,238.321643755387,184.988583951,1.48152969901933,0.38678433612166,238.321643755387,238.321643755387,0,0
"18",250.111496230156,247.359490985,11.4166340245629,0.0659179795216907,242.123445362553,252.123446224551,0.164102545474314,0.0413325003708151,8.06898608710523,7.37783442277,0.107504826661888,0.368855707637438,8.06898608710523,8.06898608710523,0,0,29.1790526255317,31.5523619249,0.409309870792212,0.0956426145703363,29.1790526255317,29.1790526255317,0,0,183.61409380235,180.210606066,4.61812638616335,0.208309577599916,184.703789754095,180.465158038138,0.0940131693074445,0.271673424742895,58.6111561755488,54.6222586788,2.22693994013423,0.269476978267592,58.6111561755488,58.6111561755488,0,0,11.9219610078921,11.9841284599,1.39327245187844,0.0173153623284275,11.870666691275,12.9259499012255,0.0153718865505492,0.300875504035578,166.075041738847,169.069802354,0.919039744368836,0.441231336456029,166.075041738847,166.075041738847,0,0,392.960195116234,389.508215225,58.7401577348849,0.0210831233814104,355.173032390783,412.155725465461,0.353922317464595,0.179789274879447,19.9690376066652,21.440776735,1.05500415776901,0.118046921899338,19.4953532161289,20.5649291614244,0.271506099326715,0.341552719250935,25.5647344962369,25.9078918986,0.381729932817281,0.160516565419841,25.5647344962369,25.5647344962369,0,0,94.0562966058766,102.516706429,15.5478793437018,0.169465006540398,83.8735819848238,98.7641983484654,0.232086426857733,0.107303418989637,4.98743658731864,5.35068558444,0.26284731295671,0.0925552564096969,4.98743658731864,4.98743658731864,0,0,234.873716678465,224.611677407,7.31025300521754,0.0634782770438814,234.873716678465,234.873716678465,0,0
"19",233.501708699634,227.479047173,2.55339051429558,0.4327771684524,233.501708699634,233.501708699634,0,0,6.63430144618443,6.28480049148,0.197003600844179,0.248696831909333,6.527928264178,6.72858870418421,0.295827072170594,0.262215747907034,48.1984011370821,54.7124217932,1.00752529905392,0.562521918607453,48.1984011370821,48.1984011370821,0,0,178.192864090839,179.121365787,0.496481511434045,0.170486111111109,178.192864090839,178.192864090839,0,0,61.6295940324883,63.0285419447,1.7623654695895,0.067150693855287,61.6295940324883,61.6295940324883,0,0,15.4239705793765,14.6436145034,0.450986318487296,0.143133483029538,15.4239705793765,15.4239705793765,0,0,175.571776890908,175.857082332,1.31253877497186,0.042035313418475,175.571776890908,175.571776890908,0,0,335.84521880611,316.968764973,5.72961075599713,0.0963789934058045,335.84521880611,335.84521880611,0,0,10.6506024095525,9.48748873474,0.503499934979309,0.335161374456594,10.3970124498986,10.910746092385,0.282129028227719,0.289420308821603,24.9855540843203,24.910237104,0.0670374553205976,0.1056916410515,24.9855540843203,24.9855540843203,0,0,19.9040607822347,21.0077608427,2.62585117333126,0.0773762615013799,19.9040607822347,19.9040607822347,0,0,0.868240887365148,0.955053261033,1.3656760150991,0.0325289003995889,1.85131242724767,0.80073604139818,0.323862676008474,0.0222387681582304,203.862558445043,215.102134978,50.8549116283627,0.0824599614648542,231.286446889388,179.483059385895,0.250582949729734,0.222765155990643
"20",237.358493863736,241.395357842,0.800401352439694,0.253821293952088,237.358493863736,237.358493863736,0,0,6.41940355623824,6.75324360489,0.094086551132224,0.267247003233966,6.41940355623824,6.41940355623824,0,0,42.4002543772165,46.4409718402,0.740943558575965,0.610642252266031,42.4002543772165,42.4002543772165,0,0,179.407692493516,179.121365787,0.945089637477248,0.0375526098374478,179.407692493516,179.407692493516,0,0,63.9596291226973,63.3940325215,1.21373605663729,0.0372891522507464,63.9596291226973,63.9596291226973,0,0,15.4950791458209,16.1063318274,0.423170532395343,0.176798961433872,15.4950791458209,15.4950791458209,0,0,166.795333037398,172.463442343,1.77932470399726,0.371158947294287,166.795333037398,166.795333037398,0,0,306.722256376245,223.703757508,36.8796718828424,0.412949482714106,306.722256376245,306.722256376245,0,0,11.8753051576933,10.2586686057,0.799566678738688,0.179684211850843,11.8753051576933,11.8753051576933,0,0,25.753421399339,24.910237104,0.137681540251787,0.369760293035208,25.753421399339,25.753421399339,0,0,45.8701222643119,31.1963790409,12.8562045133834,0.514360483219412,37.50113081488,49.8711847107258,0.234269559525225,0.112000011305775,1.09153126335968,1.11204012973,0.0617922485826674,0.0653203243717103,1.06813217779637,1.12948311513922,0.184102136473513,0.298602138824336,184.415446788617,175.479041521,0.830292048502344,0.106384563541445,184.769217146429,183.931968125,0.218238316531095,0.298254410796679
"21",222.545593955359,221.514914029,1.87666813761552,0.0471308266586824,222.545593955359,222.545593955359,0,0,6.62295372783444,6.44094819595,0.561572426611182,0.0555046910179002,6.62295372783444,6.62295372783444,0,0,49.5931310091986,51.403841812,0.103792941303282,0.0912128875579738,49.5931310091986,49.5931310091986,0,0,179.354549231991,180.210606066,0.0825824627382958,0.0654934185561211,179.354549231991,179.354549231991,0,0,54.5965203209414,56.0842209859,3.56755706469127,0.0550056945848364,54.5965203209414,54.5965203209414,0,0,17.2984340663721,18.10094636,3.51413744460186,0.12316516532011,18.5942848916891,15.1189967507514,0.119655563386629,0.201243688526148,171.314804026185,169.069802354,0.735119112927947,0.33076603285289,171.314804026185,171.314804026185,0,0,163.623490155243,153.236862978,94.7840051347534,0.0246265692450702,231.103408672546,152.502231468072,0.136769692061595,0.0225407967200155,13.5625062260006,10.2586686057,0.663613694570138,0.26499795651404,13.5625062260006,13.5625062260006,0,0,22.5563148348778,22.6298832877,0.412581422878042,0.0303641023947353,22.852080684978,22.5224965976029,0.132199665160624,0.0151158750834401,22.5510352590254,27.1209317616,2.07631596986065,0.299019710926193,22.5510352590254,22.5510352590254,0,0,1.29322211241153,1.58300073581,0.0329891322031969,0.615292701040157,1.29322211241153,1.29322211241153,0,0,218.988335005007,224.611677407,17.2539198331429,0.0305863862731259,218.988335005007,218.988335005007,0,0
"22",222.281932698146,219.526869647,15.7197999895062,0.0407592843362189,233.559041994363,221.066438418026,0.270210584332102,0.0291244334923479,7.97805246161487,7.2216867183,2.0044192669284,0.17940414906418,6.55613088573769,8.24228306260234,0.257503848171873,0.047851019151366,36.693972930484,34.8609419061,6.78317459276408,0.0692529361087909,41.5076427611093,35.8091550930158,0.230883431196029,0.0424395077947373,176.393670644598,178.032125508,4.38847455716368,0.0470068133436138,173.227221544154,176.393670644598,0.089834625715737,0,55.7719175731326,61.5665796376,3.24105838615465,0.20861154383728,55.7719175731326,55.7719175731326,0,0,16.0185782226442,15.9733575252,0.6009998629991,0.00653982598727218,16.0185782226442,16.0185782226442,0,0,160.384152853545,160.585702383,0.995175964959498,0.0107982488170377,160.384152853545,160.384152853545,0,0,103.647965465721,96.2415806374,464.03556701673,0.00743715214701479,438.384044317149,96.1932817509786,0.307615738871058,0.00685070473081119,17.484305135158,15.9139876596,5.71634054556913,0.0682542970105007,21.4956706784985,16.5246727967333,0.354173803351978,0.0847284126682705,25.3765305247996,25.480325558,1.84199605629898,0.018673671348996,24.0511420624068,25.4753768514856,0.386656598755121,0.0288365151503263,23.6488485554172,18.970037203,45.7786835130589,0.0437351829767816,56.4060579793611,19.4044731322761,0.232353338892394,0.0301061909247616,3.36032503246666,3.30985629143,0.939848552444824,0.00824317532902231,3.36032503246666,3.36032503246666,0,0,208.50608269412,224.611677407,47.1567197563573,0.054340895309588,208.50608269412,208.50608269412,0,0
"23",225.521142110098,229.467091554,1.50673292442022,0.220537746147403,225.521142110098,225.521142110098,0,0,7.37193611968168,7.84627753617,0.114302118930521,0.202518257996115,7.37193611968168,7.37193611968168,0,0,48.3194353638401,41.4781018684,0.835818058232945,0.590787202996352,48.3194353638401,48.3194353638401,0,0,178.171944117805,180.210606066,0.528530909717715,0.267376653972105,178.171944117805,178.171944117805,0,0,67.7636433157965,67.7799194428,1.71454898310993,0.000856389910604986,67.7636433157965,67.7636433157965,0,0,17.6966078433398,17.5690491513,0.739465036604595,0.0290688865972498,17.6966078433398,17.6966078433398,0,0,171.257242716404,167.37298236,2.16272892384414,0.32702015446417,171.257242716404,171.257242716404,0,0,217.573219067739,238.211647558,24.4296494354311,0.107653629540801,217.573219067739,217.573219067739,0,0,13.9215905539082,13.3433880897,2.94210951494763,0.0548607386847736,15.8607715612783,13.0578561987705,0.33854900640699,0.150793766347797,22.7839499885884,22.7724054013,0.663473879094171,0.00300007694548305,23.1938545457667,22.536659992815,0.175253325554432,0.10572801247673,23.7658033558266,25.083208122,0.723555734187366,0.0760597722894564,23.7658033558266,23.7658033558266,0,0,1.604415537565,1.42601386711,0.0470245604894351,0.227282284106209,1.604415537565,1.604415537565,0,0,274.386406965833,422.727144691,132.966225347372,0.443577602320842,216.336357531913,350.7716069738,0.20991753583735,0.276220143074437
"24",216.795492974381,217.538825266,5.70275035756457,0.046737657030577,213.619630584143,219.411798120654,0.22277484037089,0.183523997486278,7.64689701205021,7.06553901383,1.54022518653772,0.124104289629647,8.39406315908569,6.82421983419727,0.248011180574818,0.273075993767656,26.074656668274,26.5894919531,0.125275831133296,0.0778030586764414,26.074656668274,26.074656668274,0,0,165.792583803844,163.872001881,3.29655493666226,0.176323072133108,165.437784782063,168.144561495736,0.0443012170090534,0.293674637561723,51.2533299616584,46.3987207012,1.48705205014696,0.312528167626244,51.2533299616584,51.2533299616584,0,0,12.6093870403346,13.3138714817,1.9642347608602,0.17089997231499,12.387472893379,14.0091748159639,0.0419318025267762,0.264496993059372,178.850756250819,180.947542315,3.41180725175055,0.154464385680754,177.060006941567,180.539961721479,0.314015895274215,0.29620972931883,96.8325925606127,93.1327470552,0.607463520661151,0.15523138547545,96.8325925606127,96.8325925606127,0,0,8.04222042153794,10.7727885197,0.427187295262718,0.849784036408296,8.04222042153794,8.04222042153794,0,0,28.0535241577367,27.6181572607,0.529303625539507,0.254561021148612,28.3718048098331,27.8424447132646,0.28812059495016,0.191077700521506,66.6449424228539,67.8754045546,22.5481746805471,0.0431315368568214,51.0067843294937,71.1326925256344,0.327100797402447,0.0938695355551948,6.43842501534427,6.60658053398,0.0268429189164613,0.0563759920061245,6.43842501534427,6.43842501534427,0,0,136.244816646926,172.309194044,26.0943710366809,0.48414138809083,119.200936776397,144.244960788966,0.261729671747945,0.122852021730864
"25",244.895109101675,231.455135935,22.6304977478263,0.520030689206357,246.97078578351,228.698820736327,0.0323372323535763,0.252324046764745,7.23084965074689,7.06553901383,0.35204715790637,0.0756200846951503,7.23084965074689,7.23084965074689,0,0,45.4309254156389,39.8238118779,3.88040947386431,0.37660423435346,43.4190727949353,47.3781467866141,0.237433666178127,0.229806052497699,178.830122600786,178.032125508,1.43926457786215,0.122103008884727,178.034703584709,179.497772497138,0.163113634503886,0.136912493879414,61.6366403221523,60.6528531956,4.25189829746004,0.0340720182491375,61.6366403221523,61.6366403221523,0,0,14.6180148010533,14.9095631078,0.617697880650317,0.0429905129949017,14.6180148010533,14.6180148010533,0,0,167.763935198063,167.37298236,0.875989822281457,0.0768010826857591,167.763935198063,167.763935198063,0,0,226.545173481236,165.672197307,8.77190573620328,0.438372717215218,226.545173481236,226.545173481236,0,0,12.2066196735313,13.7289780252,2.26313299649071,0.0911106420143683,12.2066196735313,12.2066196735313,0,0,22.6968269410306,22.4873611742,0.168371999923428,0.113054394839009,22.6968269410306,22.6968269410306,0,0,24.7644647839401,23.0454844823,1.67538245482107,0.120511245853406,25.7435299345066,24.0554140466992,0.250677590649353,0.181543720922828,2.44026902175255,2.68190881666,0.137138743119328,0.219890816273312,2.44026902175255,2.44026902175255,0,0,190.913329178152,181.818736474,8.10982482757599,0.133446266720793,190.913329178152,190.913329178152,0,0
"26",203.821242816431,207.59860336,1.60539215397247,0.0760015335500191,203.821242816431,203.821242816431,0,0,7.03310528380738,6.12865278701,0.194182700989083,0.362018008794508,6.90368048284801,7.08677150151053,0.196814382466519,0.0816094243009392,67.6962282632979,69.6010317086,6.4241827715973,0.0523378460116874,67.6962282632979,67.6962282632979,0,0,180.201958719409,181.299846345,0.0701110043232199,0.053049414675233,180.201958719409,180.201958719409,0,0,55.5767527837806,56.2669662743,2.81986777899617,0.028831415121871,55.5767527837806,55.5767527837806,0,0,12.8968553770834,12.9149485752,0.817406537367547,0.00295794290632526,12.8968553770834,12.8968553770834,0,0,186.419860456672,184.341182303,1.07066574575163,0.136115934553025,185.653950569482,186.520745158848,0.227070160904057,0.0299094004906424,320.045593295554,329.404099302,51.2264021482148,0.0261008231922041,320.045593295554,320.045593295554,0,0,15.5713751127548,14.2430979392,0.911124746260246,0.0527264100879963,15.5713751127548,15.5713751127548,0,0,25.9841027568386,26.0504140121,1.26344109943136,0.0132934268687579,26.8556618770156,25.7168275448896,0.352319625485289,0.108043505478136,26.6672909025089,24.0643463022,0.112790217714054,0.102190289189892,26.6672909025089,26.6672909025089,0,0,1.22267672542299,1.26902699842,0.123095694864644,0.0492082271837479,1.22267672542299,1.22267672542299,0,0,203.515744114008,245.215686005,2.19879820468539,0.40477503873542,203.515744114008,203.515744114008,0,0
"27",222.494587024575,221.514914029,4.05183899855064,0.0547535840175346,220.977964541706,224.993991695937,0.216306081697537,0.356473965766365,7.62171727030422,7.06553901383,1.41762501601452,0.15486403342983,6.80758045684973,8.24094548373942,0.152724539642844,0.116161488177243,48.6982633694785,54.7124217932,10.3096624430127,0.302957686677539,43.6173996063178,54.1315582932662,0.235761300312388,0.25211474582346,180.377359015981,179.121365787,1.56466289389169,0.144136382623224,180.377359015981,180.377359015981,0,0,57.4784552371104,56.9979474278,2.45478736479635,0.0226671162767242,57.4784552371104,57.4784552371104,0,0,17.1481641642958,17.4360748491,0.885631536739473,0.0528087886877542,17.1481641642958,17.1481641642958,0,0,165.073837519639,163.979342371,0.756547212605245,0.215009086073503,164.6901823908,165.462155261784,0.290856337321046,0.294391154209606,376.94259151032,400.907271693,26.9236455413643,0.141875633340536,376.94259151032,376.94259151032,0,0,20.8618574706959,20.669596864,0.0750945341752049,0.0107614569652784,20.8618574706959,20.8618574706959,0,0,23.7649588777967,23.4850159688,0.27228814275119,0.327367805235294,23.910554966111,23.6330471148614,0.253665300695684,0.229823736322042,18.0388040873425,15.9134517436,6.57705759608496,0.0632123171404705,18.0388040873425,18.0388040873425,0,0,1.65758164727816,1.42601386711,0.00441042126414651,0.210725341094078,1.65758164727816,1.65758164727816,0,0,187.635733076919,192.913202642,2.51657376299178,0.0456136165331226,187.635733076919,187.635733076919,0,0
"28",225.001421989303,223.50295841,5.53989179063509,0.125622914774376,224.30172624179,228.936946385467,0.0636733876260064,0.358138764283059,6.97758337800254,6.59709590042,0.163920316986032,0.243671515296363,6.97758337800254,6.97758337800254,0,0,50.1647448336849,48.0952618308,2.35147448072922,0.250195916634224,49.4959924924819,51.7240663091816,0.121308046761937,0.28285245645073,181.794508444824,183.478326903,3.41908949218374,0.257644171911789,183.30955139102,179.847525973,0.199673190118058,0.256600119639833,53.8478298056311,50.053626469,1.64111788715081,0.214043812896414,53.8478298056311,53.8478298056311,0,0,13.8019578528485,14.6436145034,0.796366954876303,0.18084195577415,13.8019578528485,13.8019578528485,0,0,164.848090947668,165.676162366,0.00592532807714127,0.081335618106981,164.848090947668,164.848090947668,0,0,293.679116345952,298.31576348,121.868341828729,0.018799697827622,206.43647684966,304.672793220937,0.369687362460275,0.0465852870926354,16.7656882263548,10.2586686057,4.51448498886778,0.259622943830176,16.7656882263548,16.7656882263548,0,0,26.3313060910975,26.4779803526,0.258002141780731,0.0367547628439153,26.3313060910975,26.3313060910975,0,0,17.7063340070782,16.9323135634,1.45602325661543,0.0844101426185626,17.7063340070782,17.7063340070782,0,0,1.33222915333491,1.26902699842,0.0413272475764045,0.100648792222727,1.33222915333491,1.33222915333491,0,0,193.82176755406,256.310152173,1.06111640663476,0.788534906881437,193.82176755406,193.82176755406,0,0
"29",230.115364344565,229.467091554,0.150466770821408,0.0543476122106183,230.179452705737,230.027731204843,0.238533959346791,0.326166552018343,7.47992402394978,7.53398212724,0.286298332277467,0.0266306549420216,7.47992402394978,7.47992402394978,0,0,48.7351424037892,48.0952618308,0.612036425520657,0.0967001820456388,48.4423673199009,49.0657474780787,0.227228293460394,0.256588866246611,184.342308540582,184.567567182,0.254447012586433,0.0258504305433265,184.342308540582,184.342308540582,0,0,60.9948298640812,60.4701079072,0.609039753371606,0.0797591557181384,60.9948298640812,60.9948298640812,0,0,15.9118457098005,15.840383223,0.175466261272756,0.0383868406116204,15.9118457098005,15.9118457098005,0,0,168.940942584175,169.069802354,0.571810018354372,0.0253139736399618,168.940942584175,168.940942584175,0,0,232.9782873315,207.123311736,28.177105518216,0.126009335694463,232.9782873315,232.9782873315,0,0,14.90558278151,14.3716279177,2.43344302829194,0.0639126397477671,16.0989646471469,13.6176599312022,0.230479163210089,0.248737968428653,23.3138602444598,23.1999717418,0.0258512612449871,0.266364519074699,23.2983317834052,23.3241940939132,0.332478349216608,0.221257032182664,33.0203759367519,32.2152408608,2.68574470202869,0.0395114950962708,33.0203759367519,33.0203759367519,0,0,2.59856069941101,2.36793507927,0.686867135923955,0.133552351492541,3.04765084288552,2.388947204375,0.319243010531798,0.149007151850765,252.992863044594,221.441829931,32.3443902673891,0.390332792152635,230.576535932736,259.485637827636,0.34006624921254,0.098498454114861
"30",215.239037610195,209.586647741,6.23030044315188,0.284319098827095,212.638103257426,218.905605778312,0.18044180856644,0.25437096894925,7.22294784136278,7.06553901383,0.441142907249663,0.0530566565896822,7.22294784136278,7.22294784136278,0,0,47.5073561565111,46.4409718402,14.1949089720487,0.0460441087963733,57.6533817764444,46.1073572041054,0.230802914287311,0.0318473311933699,179.713505986662,178.032125508,1.38103084355951,0.192953349122977,179.713505986662,179.713505986662,0,0,60.8779220087532,60.1046173305,1.01418372060166,0.045017004738072,60.8779220087532,60.8779220087532,0,0,15.4205026362616,16.3722804317,0.265236213315907,0.275292576744982,15.4205026362616,15.4205026362616,0,0,178.021262657855,169.069802354,1.54966602161191,0.405802543467207,178.021262657855,178.021262657855,0,0,570.65752132691,575.001952296,27.0599786821193,0.0058470596623666,555.226356583313,582.619819942191,0.359536572705424,0.278714142275058,28.7265015550223,12.1866182832,2.95440654220663,0.456329869694689,30.4234538087843,27.4363222026059,0.374188890170853,0.284492848241178,28.0157265251905,28.6158120553,0.171157884285714,0.200498720719039,28.0157265251905,28.0157265251905,0,0,15.264607573792,14.8945899237,0.540396863763683,0.0259405462401752,15.264607573792,15.264607573792,0,0,1.24714714502826,1.42601386711,0.147011135276405,0.28484344514205,1.34110237775344,1.19791180520865,0.211004192555455,0.110572480345187,172.259762428135,158.0448804,16.1820717467136,0.213543127614214,166.040901412411,182.141770945219,0.176189374750787,0.279971669652144
